 ID,adj.P.Val,P.Value,t,B,logFC,miRNA_ID,miRNA_ID_LIST
MIMAT0027570,0.51,0.00182,3.23128,-2.13,0.91617,MIMAT0027570,hsa-miR-6835-5p
MIMAT0004561,0.51,0.00201,3.19945,-2.18,0.76945,MIMAT0004561,hsa-miR-187-5p
MIMAT0003336,0.51,0.003,3.06621,-2.4,0.81994,MIMAT0003336,hsa-miR-658
MIMAT0005867,0.51,0.00448,2.92985,-2.61,0.67482,MIMAT0005867,hsa-miR-663b
MIMAT0031119,0.51,0.00537,2.86655,-2.71,0.7687,MIMAT0031119,hsa-miR-1199-5p
MIMAT0031095,0.51,0.00584,2.83654,-2.75,0.6574,MIMAT0031095,hsa-miR-128-2-5p
MIMAT0027583,0.51,0.0059,2.83333,-2.76,0.66006,MIMAT0027583,hsa-miR-6840-3p
MIMAT0027670,0.51,0.00649,2.79938,-2.81,0.61646,MIMAT0027670,hsa-miR-6885-5p
MIMAT0019219,0.526,0.00856,2.69957,-2.96,0.84823,MIMAT0019219,hsa-miR-3619-3p
MIMAT0027552,0.526,0.0086,2.69751,-2.96,0.68125,MIMAT0027552,hsa-miR-6826-5p
MIMAT0019711,0.526,0.00952,2.66035,-3.02,0.62441,MIMAT0019711,hsa-miR-4649-5p
MIMAT0004804,0.526,0.0109,2.61,-3.09,0.69481,MIMAT0004804,hsa-miR-615-5p
MIMAT0019071,0.526,0.01159,2.58704,-3.12,0.57012,MIMAT0019071,hsa-miR-4532
MIMAT0002847,0.526,0.01947,2.38708,-3.39,0.66433,MIMAT0002847,hsa-miR-518c-5p
MIMAT0030990,0.526,0.01952,2.3862,-3.4,0.59816,MIMAT0030990,hsa-miR-8063
MIMAT0019883,0.526,0.01995,2.37755,-3.41,0.58762,MIMAT0019883,hsa-miR-4747-3p
MIMAT0019756,0.526,0.02015,2.37345,-3.41,0.51096,MIMAT0019756,hsa-miR-4674
MIMAT0018068,0.526,0.02319,2.3173,-3.49,0.53292,MIMAT0018068,hsa-miR-3648
MIMAT0018444,0.526,0.0238,2.30671,-3.5,0.58547,MIMAT0018444,hsa-miR-642b-3p
MIMAT0018065,0.526,0.02461,2.2931,-3.52,0.58107,MIMAT0018065,hsa-miR-3646
MIMAT0004911,0.526,0.02486,2.289,-3.52,0.54279,MIMAT0004911,hsa-miR-874-3p
MIMAT0019211,0.526,0.02629,2.26611,-3.55,0.62841,MIMAT0019211,hsa-miR-3158-5p
MIMAT0022943,0.526,0.02826,2.23638,-3.59,0.56819,MIMAT0022943,hsa-miR-1233-5p
MIMAT0022698,0.526,0.02929,2.22157,-3.61,0.59905,MIMAT0022698,hsa-miR-345-3p
MIMAT0026622,0.526,0.03068,2.20237,-3.63,0.73162,MIMAT0026622,hsa-miR-619-5p
MIMAT0016879,0.526,0.0317,2.18861,-3.65,0.42761,MIMAT0016879,hsa-miR-4258
MIMAT0022742,0.526,0.03176,2.18785,-3.65,0.59691,MIMAT0022742,hsa-miR-1273g-3p
MIMAT0002807,0.526,0.03687,2.12462,-3.73,0.63339,MIMAT0002807,hsa-miR-491-5p
MIMAT0003337,0.526,0.03764,2.11582,-3.74,0.5828,MIMAT0003337,hsa-miR-659-3p
MIMAT0004687,0.526,0.03768,2.11538,-3.74,0.60802,MIMAT0004687,hsa-miR-371a-5p
MIMAT0019053,0.526,0.03784,2.11352,-3.74,0.46223,MIMAT0019053,hsa-miR-4516
MIMAT0026474,0.526,0.03886,2.10208,-3.76,0.53578,MIMAT0026474,hsa-miR-208a-5p
MIMAT0019858,0.526,0.03912,2.09926,-3.76,0.58369,MIMAT0019858,hsa-miR-4733-3p
MIMAT0003887,0.526,0.04139,2.07489,-3.79,0.62211,MIMAT0003887,hsa-miR-769-3p
MIMAT0021127,0.526,0.04424,2.04578,-3.82,0.58546,MIMAT0021127,hsa-miR-5195-3p
MIMAT0004762,0.526,0.0443,2.04519,-3.82,0.47097,MIMAT0004762,hsa-miR-486-3p
MIMAT0004952,0.526,0.04446,2.04359,-3.82,0.52713,MIMAT0004952,hsa-miR-665
MIMAT0022694,0.526,0.04632,2.02565,-3.85,0.45113,MIMAT0022694,hsa-miR-211-3p
MIMAT0019862,0.526,0.04729,2.01645,-3.86,0.50177,MIMAT0019862,hsa-miR-4736
MIMAT0019757,0.526,0.05035,1.98857,-3.89,0.4959,MIMAT0019757,hsa-miR-4675
MIMAT0019922,0.526,0.05149,1.97864,-3.9,0.64719,MIMAT0019922,hsa-miR-4769-5p
MIMAT0012735,0.526,0.05265,1.96859,-3.91,0.44244,MIMAT0012735,hsa-miR-718
MIMAT0019852,0.526,0.05313,1.96451,-3.92,0.49163,MIMAT0019852,hsa-miR-4730
MIMAT0003307,0.526,0.05347,1.96168,-3.92,0.56905,MIMAT0003307,hsa-miR-637
MIMAT0016901,0.526,0.05391,1.95798,-3.92,0.55712,MIMAT0016901,hsa-miR-4271
MIMAT0027377,0.526,0.05481,1.95053,-3.93,0.52485,MIMAT0027377,hsa-miR-6738-5p
MIMAT0023694,0.526,0.05573,1.94296,-3.94,0.49461,MIMAT0023694,hsa-miR-6069
MIMAT0018085,0.526,0.05778,1.92658,-3.96,0.38782,MIMAT0018085,hsa-miR-3663-3p
MIMAT0018079,0.526,0.05981,1.91074,-3.98,0.53264,MIMAT0018079,hsa-miR-1273e
MIMAT0004284,0.526,0.06069,1.9041,-3.98,0.51071,MIMAT0004284,hsa-miR-675-5p
MIMAT0019771,0.526,0.06098,1.90188,-3.98,0.54206,MIMAT0019771,hsa-miR-4685-5p
MIMAT0028109,0.526,0.06146,1.89826,-3.99,0.52407,MIMAT0028109,hsa-miR-7106-5p
MIMAT0027353,0.526,0.06178,1.89587,-3.99,0.48619,MIMAT0027353,hsa-miR-6726-5p
MIMAT0027630,0.526,0.06197,1.89449,-3.99,0.50867,MIMAT0027630,hsa-miR-6865-5p
MIMAT0015079,0.526,0.06277,1.88858,-4,0.44814,MIMAT0015079,hsa-miR-3195
MIMAT0027597,0.526,0.06458,1.87543,-4.01,0.4876,MIMAT0027597,hsa-miR-6848-3p
MIMAT0018960,0.526,0.06509,1.87182,-4.02,0.46349,MIMAT0018960,hsa-miR-4442
MIMAT0018965,0.526,0.06531,1.87022,-4.02,0.42717,MIMAT0018965,hsa-miR-4446-3p
MIMAT0027512,0.526,0.06565,1.86778,-4.02,0.43778,MIMAT0027512,hsa-miR-6806-5p
MIMAT0014984,0.526,0.06639,1.86257,-4.03,0.48359,MIMAT0014984,hsa-miR-3122
MIMAT0016907,0.526,0.06799,1.85147,-4.04,0.46823,MIMAT0016907,hsa-miR-4281
MIMAT0027456,0.526,0.06827,1.84956,-4.04,0.6174,MIMAT0027456,hsa-miR-6778-5p
MIMAT0018185,0.526,0.07308,1.81757,-4.08,0.58678,MIMAT0018185,hsa-miR-3911
MIMAT0019691,0.526,0.07627,1.7973,-4.1,0.41924,MIMAT0019691,hsa-miR-4634
MIMAT0007400,0.526,0.07633,1.79692,-4.1,0.49586,MIMAT0007400,hsa-miR-1538
MIMAT0016865,0.526,0.07687,1.79352,-4.1,0.39389,MIMAT0016865,hsa-miR-4313
MIMAT0022286,0.526,0.07724,1.79128,-4.1,0.56218,MIMAT0022286,hsa-miR-5585-3p
MIMAT0026612,0.526,0.07812,1.78586,-4.11,0.40149,MIMAT0026612,hsa-miR-504-3p
MIMAT0030426,0.526,0.0799,1.77504,-4.12,0.49826,MIMAT0030426,hsa-miR-7851-3p
MIMAT0027560,0.526,0.08015,1.77357,-4.12,0.4895,MIMAT0027560,hsa-miR-6830-5p
MIMAT0019738,0.526,0.08019,1.77332,-4.12,0.51987,MIMAT0019738,hsa-miR-4664-3p
MIMAT0023713,0.526,0.08082,1.76956,-4.13,0.46716,MIMAT0023713,hsa-miR-6088
MIMAT0017987,0.526,0.08273,1.7583,-4.14,0.42918,MIMAT0017987,hsa-miR-3610
MIMAT0027371,0.526,0.08361,1.75315,-4.14,0.48996,MIMAT0027371,hsa-miR-6735-5p
MIMAT0019978,0.526,0.08429,1.74923,-4.15,0.43652,MIMAT0019978,hsa-miR-4800-5p
MIMAT0021039,0.526,0.08586,1.74032,-4.16,0.45325,MIMAT0021039,hsa-miR-5008-5p
MIMAT0027478,0.526,0.08861,1.72494,-4.17,0.38145,MIMAT0027478,hsa-miR-6789-5p
MIMAT0019919,0.526,0.08996,1.71755,-4.18,0.3987,MIMAT0019919,hsa-miR-4767
MIMAT0019723,0.526,0.09215,1.70571,-4.19,0.42725,MIMAT0019723,hsa-miR-4656
MIMAT0020601,0.526,0.0951,1.69016,-4.21,0.49481,MIMAT0020601,hsa-miR-1273f
MIMAT0019073,0.526,0.09612,1.68489,-4.21,0.4943,MIMAT0019073,hsa-miR-4534
MIMAT0027356,0.526,0.10054,1.66247,-4.23,0.46692,MIMAT0027356,hsa-miR-6727-3p
MIMAT0019017,0.526,0.10104,1.65999,-4.24,0.47721,MIMAT0019017,hsa-miR-4483
MIMAT0019810,0.526,0.10106,1.65989,-4.24,0.51377,MIMAT0019810,hsa-miR-4708-3p
MIMAT0027385,0.526,0.102,1.65529,-4.24,0.46854,MIMAT0027385,hsa-miR-6742-5p
MIMAT0000756,0.526,0.10221,1.65424,-4.24,0.48246,MIMAT0000756,hsa-miR-326
MIMAT0027638,0.526,0.10257,1.65245,-4.24,0.37055,MIMAT0027638,hsa-miR-6869-5p
MIMAT0004792,0.526,0.10315,1.64963,-4.25,0.37202,MIMAT0004792,hsa-miR-92b-5p
MIMAT0019778,0.526,0.10376,1.64666,-4.25,0.4304,MIMAT0019778,hsa-miR-4689
MIMAT0019882,0.526,0.10615,1.63519,-4.26,0.41448,MIMAT0019882,hsa-miR-4747-5p
MIMAT0019888,0.526,0.10648,1.63362,-4.26,0.43175,MIMAT0019888,hsa-miR-4751
MIMAT0003270,0.526,0.10669,1.63262,-4.26,0.39146,MIMAT0003270,hsa-miR-602
MIMAT0027494,0.526,0.10705,1.63094,-4.26,0.45295,MIMAT0027494,hsa-miR-6797-5p
MIMAT0027424,0.526,0.10719,1.63026,-4.26,0.40339,MIMAT0027424,hsa-miR-6762-5p
MIMAT0027355,0.526,0.10924,1.62067,-4.27,0.35847,MIMAT0027355,hsa-miR-6727-5p
MIMAT0018966,0.526,0.10991,1.61757,-4.28,0.42167,MIMAT0018966,hsa-miR-4447
MIMAT0018087,0.526,0.11271,1.60472,-4.29,0.33128,MIMAT0018087,hsa-miR-3665
MIMAT0021128,0.526,0.11446,1.59681,-4.3,0.44577,MIMAT0021128,hsa-miR-5196-5p
MIMAT0027563,0.526,0.11453,1.59652,-4.3,0.44842,MIMAT0027563,hsa-miR-6831-3p
MIMAT0027674,0.526,0.1154,1.59263,-4.3,0.42111,MIMAT0027674,hsa-miR-6887-5p
MIMAT0016880,0.526,0.11722,1.58458,-4.31,0.4189,MIMAT0016880,hsa-miR-4259
MIMAT0027460,0.526,0.11834,1.57967,-4.31,0.38918,MIMAT0027460,hsa-miR-6780a-5p
MIMAT0025475,0.526,0.11867,1.57822,-4.31,0.44935,MIMAT0025475,hsa-miR-6509-3p
MIMAT0010133,0.526,0.11873,1.57796,-4.31,0.37851,MIMAT0010133,hsa-miR-2110
MIMAT0004800,0.526,0.11876,1.57785,-4.31,0.45465,MIMAT0004800,hsa-miR-550a-5p
MIMAT0015078,0.526,0.11968,1.57384,-4.32,0.44062,MIMAT0015078,hsa-miR-3194-5p
MIMAT0003326,0.526,0.11979,1.57337,-4.32,0.33537,MIMAT0003326,hsa-miR-663a
MIMAT0027439,0.526,0.12095,1.56838,-4.32,0.45093,MIMAT0027439,hsa-miR-6769a-3p
MIMAT0004761,0.526,0.12113,1.56763,-4.32,0.48402,MIMAT0004761,hsa-miR-483-5p
MIMAT0003221,0.526,0.12137,1.56658,-4.32,0.44278,MIMAT0003221,hsa-miR-557
MIMAT0007890,0.526,0.12257,1.5615,-4.33,0.40741,MIMAT0007890,hsa-miR-1914-3p
MIMAT0027414,0.526,0.12555,1.54898,-4.34,0.41497,MIMAT0027414,hsa-miR-6757-5p
MIMAT0027398,0.526,0.12708,1.54264,-4.35,0.37543,MIMAT0027398,hsa-miR-6749-5p
MIMAT0015055,0.526,0.13303,1.51856,-4.37,0.35886,MIMAT0015055,hsa-miR-3178
MIMAT0019853,0.526,0.13381,1.51547,-4.37,0.41694,MIMAT0019853,hsa-miR-4731-5p
MIMAT0027673,0.526,0.13704,1.5028,-4.38,0.4667,MIMAT0027673,hsa-miR-6886-3p
MIMAT0027490,0.526,0.14026,1.4904,-4.39,0.39628,MIMAT0027490,hsa-miR-6795-5p
MIMAT0027551,0.526,0.14105,1.48741,-4.4,0.40969,MIMAT0027551,hsa-miR-6825-3p
MIMAT0027590,0.526,0.14129,1.48649,-4.4,0.35246,MIMAT0027590,hsa-miR-6845-5p
MIMAT0027403,0.526,0.14296,1.48019,-4.4,0.44535,MIMAT0027403,hsa-miR-6751-3p
MIMAT0028111,0.526,0.14337,1.47865,-4.4,0.38727,MIMAT0028111,hsa-miR-7107-5p
MIMAT0019893,0.526,0.14375,1.47723,-4.4,0.38483,MIMAT0019893,hsa-miR-371b-3p
MIMAT0007883,0.526,0.14397,1.4764,-4.41,0.33634,MIMAT0007883,hsa-miR-1909-3p
MIMAT0026618,0.526,0.14511,1.47215,-4.41,0.41141,MIMAT0026618,hsa-miR-585-5p
MIMAT0015075,0.526,0.14568,1.47007,-4.41,0.38151,MIMAT0015075,hsa-miR-3191-3p
MIMAT0019940,0.526,0.14582,1.46956,-4.41,0.42437,MIMAT0019940,hsa-miR-4436b-5p
MIMAT0018968,0.526,0.14679,1.46597,-4.41,0.3754,MIMAT0018968,hsa-miR-4449
MIMAT0019744,0.526,0.14718,1.46453,-4.42,0.4453,MIMAT0019744,hsa-miR-4667-3p
MIMAT0026916,0.526,0.14824,1.46063,-4.42,0.27044,MIMAT0026916,hsa-miR-1908-3p
MIMAT0004957,0.526,0.14864,1.45919,-4.42,0.34564,MIMAT0004957,hsa-miR-760
MIMAT0005459,0.526,0.14866,1.45913,-4.42,0.47942,MIMAT0005459,hsa-miR-1224-3p
MIMAT0019050,0.526,0.14872,1.45889,-4.42,0.36126,MIMAT0019050,hsa-miR-4513
MIMAT0022938,0.526,0.1491,1.45752,-4.42,0.42145,MIMAT0022938,hsa-miR-937-5p
MIMAT0028124,0.526,0.15002,1.45419,-4.42,0.41864,MIMAT0028124,hsa-miR-7113-3p
MIMAT0019791,0.526,0.15084,1.45123,-4.43,0.36517,MIMAT0019791,hsa-miR-4697-5p
MIMAT0027620,0.526,0.15086,1.45115,-4.43,0.39795,MIMAT0027620,hsa-miR-6769b-5p
MIMAT0019806,0.526,0.15093,1.45088,-4.43,0.31362,MIMAT0019806,hsa-miR-4706
MIMAT0019755,0.526,0.15299,1.44352,-4.43,0.34379,MIMAT0019755,hsa-miR-4673
MIMAT0019845,0.526,0.15565,1.4341,-4.44,0.3486,MIMAT0019845,hsa-miR-4726-5p
MIMAT0027510,0.526,0.15605,1.43271,-4.44,0.38144,MIMAT0027510,hsa-miR-6805-5p
MIMAT0027645,0.526,0.15716,1.42882,-4.45,0.38515,MIMAT0027645,hsa-miR-6872-3p
MIMAT0019775,0.526,0.15729,1.42836,-4.45,0.40617,MIMAT0019775,hsa-miR-4687-3p
MIMAT0022731,0.526,0.15755,1.42746,-4.45,0.44611,MIMAT0022731,hsa-miR-3184-3p
MIMAT0021082,0.526,0.1597,1.42002,-4.45,0.35239,MIMAT0021082,hsa-miR-5090
MIMAT0027354,0.526,0.15997,1.41909,-4.45,0.40946,MIMAT0027354,hsa-miR-6726-3p
MIMAT0027626,0.526,0.16044,1.41748,-4.46,0.42108,MIMAT0027626,hsa-miR-6862-3p
MIMAT0027408,0.526,0.16046,1.41739,-4.46,0.43077,MIMAT0027408,hsa-miR-6754-5p
MIMAT0027501,0.526,0.16114,1.41505,-4.46,0.379,MIMAT0027501,hsa-miR-6800-3p
MIMAT0000752,0.526,0.16241,1.41073,-4.46,0.41669,MIMAT0000752,hsa-miR-328-3p
MIMAT0003945,0.526,0.16348,1.40711,-4.46,0.42516,MIMAT0003945,hsa-miR-765
MIMAT0019700,0.526,0.16521,1.40128,-4.47,0.36422,MIMAT0019700,hsa-miR-4640-3p
MIMAT0000690,0.526,0.16647,1.39705,-4.47,0.33286,MIMAT0000690,hsa-miR-296-5p
MIMAT0019034,0.526,0.16664,1.3965,-4.47,0.3625,MIMAT0019034,hsa-miR-4419b
MIMAT0004682,0.526,0.16685,1.39577,-4.47,0.32572,MIMAT0004682,hsa-miR-361-3p
MIMAT0018191,0.526,0.16729,1.39433,-4.48,0.31583,MIMAT0018191,hsa-miR-3917
MIMAT0019776,0.526,0.16738,1.394,-4.48,0.33074,MIMAT0019776,hsa-miR-1343-3p
MIMAT0027527,0.526,0.16966,1.38648,-4.48,0.37189,MIMAT0027527,hsa-miR-6813-3p
MIMAT0016904,0.526,0.17044,1.38393,-4.48,0.38409,MIMAT0016904,hsa-miR-4276
MIMAT0010313,0.526,0.17201,1.3788,-4.49,0.30038,MIMAT0010313,hsa-miR-762
MIMAT0019957,0.526,0.17231,1.37781,-4.49,0.35588,MIMAT0019957,hsa-miR-4787-3p
MIMAT0018004,0.526,0.17232,1.37777,-4.49,0.40451,MIMAT0018004,hsa-miR-3622a-3p
MIMAT0004674,0.526,0.17261,1.37685,-4.49,0.38289,MIMAT0004674,hsa-miR-30c-1-3p
MIMAT0027524,0.526,0.17313,1.37516,-4.49,0.36345,MIMAT0027524,hsa-miR-6812-5p
MIMAT0027362,0.526,0.17399,1.37237,-4.49,0.37984,MIMAT0027362,hsa-miR-6730-3p
MIMAT0019884,0.526,0.17399,1.37236,-4.49,0.39257,MIMAT0019884,hsa-miR-4748
MIMAT0022713,0.526,0.17437,1.37115,-4.49,0.26389,MIMAT0022713,hsa-miR-1185-2-3p
MIMAT0026475,0.526,0.17457,1.37052,-4.49,0.39399,MIMAT0026475,hsa-miR-210-5p
MIMAT0028220,0.526,0.17526,1.36828,-4.5,0.35309,MIMAT0028220,hsa-miR-7155-5p
MIMAT0027427,0.526,0.17671,1.36365,-4.5,0.32988,MIMAT0027427,hsa-miR-6763-3p
MIMAT0027617,0.526,0.17716,1.36222,-4.5,0.3916,MIMAT0027617,hsa-miR-6858-3p
MIMAT0025487,0.526,0.17723,1.36199,-4.5,0.32537,MIMAT0025487,hsa-miR-6515-3p
MIMAT0015082,0.526,0.17842,1.35823,-4.5,0.34279,MIMAT0015082,hsa-miR-3197
MIMAT0027491,0.526,0.18012,1.35286,-4.51,0.32464,MIMAT0027491,hsa-miR-6795-3p
MIMAT0018005,0.526,0.18077,1.35082,-4.51,0.42945,MIMAT0018005,hsa-miR-3622b-5p
MIMAT0028230,0.526,0.18144,1.34872,-4.51,0.34473,MIMAT0028230,hsa-miR-7160-5p
MIMAT0000725,0.526,0.18186,1.34741,-4.51,0.30826,MIMAT0000725,hsa-miR-373-5p
MIMAT0019839,0.526,0.18209,1.34668,-4.51,0.40709,MIMAT0019839,hsa-miR-4723-3p
MIMAT0027682,0.526,0.1832,1.34322,-4.52,0.40767,MIMAT0027682,hsa-miR-6891-5p
MIMAT0027504,0.526,0.1839,1.34106,-4.52,0.36736,MIMAT0027504,hsa-miR-6802-5p
MIMAT0021129,0.526,0.184,1.34074,-4.52,0.42955,MIMAT0021129,hsa-miR-5196-3p
MIMAT0016896,0.526,0.18463,1.33882,-4.52,0.37487,MIMAT0016896,hsa-miR-4268
MIMAT0027554,0.526,0.18472,1.33852,-4.52,0.34949,MIMAT0027554,hsa-miR-6827-5p
MIMAT0006765,0.526,0.18532,1.33667,-4.52,0.46562,MIMAT0006765,hsa-miR-1825
MIMAT0026718,0.526,0.18629,1.3337,-4.52,0.34695,MIMAT0026718,hsa-miR-874-5p
MIMAT0027689,0.526,0.18668,1.33252,-4.53,0.364,MIMAT0027689,hsa-miR-6894-3p
MIMAT0027559,0.526,0.18767,1.32949,-4.53,0.405,MIMAT0027559,hsa-miR-6829-3p
MIMAT0020924,0.526,0.18839,1.32728,-4.53,0.38195,MIMAT0020924,hsa-miR-642a-3p
MIMAT0019846,0.526,0.18849,1.327,-4.53,0.3468,MIMAT0019846,hsa-miR-4726-3p
MIMAT0005939,0.526,0.18955,1.32377,-4.53,0.52425,MIMAT0005939,hsa-miR-1281
MIMAT0027569,0.526,0.18956,1.32374,-4.53,0.37729,MIMAT0027569,hsa-miR-6834-3p
MIMAT0027591,0.526,0.19104,1.31928,-4.54,0.38568,MIMAT0027591,hsa-miR-6845-3p
MIMAT0030422,0.526,0.19169,1.31735,-4.54,0.34985,MIMAT0030422,hsa-miR-7847-3p
MIMAT0027481,0.526,0.19204,1.31628,-4.54,0.37717,MIMAT0027481,hsa-miR-6790-3p
MIMAT0027631,0.526,0.19314,1.31299,-4.54,0.36848,MIMAT0027631,hsa-miR-6865-3p
MIMAT0015024,0.526,0.19336,1.31235,-4.54,0.40015,MIMAT0015024,hsa-miR-3151-5p
MIMAT0022838,0.526,0.1935,1.31193,-4.54,0.25309,MIMAT0022838,hsa-miR-1185-1-3p
MIMAT0005826,0.526,0.19365,1.31149,-4.54,0.36612,MIMAT0005826,hsa-miR-1181
MIMAT0016875,0.526,0.19375,1.31119,-4.54,0.37237,MIMAT0016875,hsa-miR-4323
MIMAT0028120,0.526,0.1939,1.31075,-4.54,0.40966,MIMAT0028120,hsa-miR-7111-3p
MIMAT0002174,0.526,0.19413,1.31004,-4.54,0.35613,MIMAT0002174,hsa-miR-484
MIMAT0027360,0.526,0.19517,1.30698,-4.55,0.34368,MIMAT0027360,hsa-miR-6729-3p
MIMAT0007347,0.526,0.19552,1.30592,-4.55,0.2856,MIMAT0007347,hsa-miR-1469
MIMAT0027387,0.526,0.19557,1.3058,-4.55,0.29746,MIMAT0027387,hsa-miR-6743-5p
MIMAT0027436,0.526,0.19788,1.29899,-4.55,0.34544,MIMAT0027436,hsa-miR-6768-5p
MIMAT0018976,0.526,0.19826,1.29789,-4.55,0.34108,MIMAT0018976,hsa-miR-4454
MIMAT0019065,0.526,0.19864,1.29675,-4.55,0.37999,MIMAT0019065,hsa-miR-4526
MIMAT0031000,0.526,0.19878,1.29635,-4.55,0.37311,MIMAT0031000,hsa-miR-8073
MIMAT0027388,0.526,0.19907,1.2955,-4.55,0.36531,MIMAT0027388,hsa-miR-6743-3p
MIMAT0025476,0.526,0.19915,1.29529,-4.55,0.36689,MIMAT0025476,hsa-miR-6510-5p
MIMAT0027665,0.526,0.20042,1.29159,-4.56,0.36918,MIMAT0027665,hsa-miR-6882-3p
MIMAT0027497,0.526,0.20066,1.29089,-4.56,0.31231,MIMAT0027497,hsa-miR-6798-3p
MIMAT0019807,0.526,0.20068,1.29084,-4.56,0.31734,MIMAT0019807,hsa-miR-4707-5p
MIMAT0017996,0.526,0.20415,1.28084,-4.57,0.31089,MIMAT0017996,hsa-miR-3616-3p
MIMAT0027659,0.526,0.20504,1.27831,-4.57,0.3705,MIMAT0027659,hsa-miR-6879-3p
MIMAT0007348,0.526,0.20511,1.2781,-4.57,0.32704,MIMAT0007348,hsa-miR-1470
MIMAT0005593,0.526,0.20621,1.27497,-4.57,0.36445,MIMAT0005593,hsa-miR-1238-3p
MIMAT0019707,0.526,0.20743,1.27152,-4.57,0.34982,MIMAT0019707,hsa-miR-4646-5p
MIMAT0022979,0.526,0.20746,1.27143,-4.57,0.30449,MIMAT0022979,hsa-miR-4750-3p
MIMAT0027423,0.526,0.20756,1.27114,-4.57,0.38479,MIMAT0027423,hsa-miR-6761-3p
MIMAT0027683,0.526,0.20841,1.26874,-4.57,0.35748,MIMAT0027683,hsa-miR-6891-3p
MIMAT0005583,0.526,0.20889,1.26738,-4.58,0.33126,MIMAT0005583,hsa-miR-1228-3p
MIMAT0019886,0.526,0.20918,1.26657,-4.58,0.32129,MIMAT0019886,hsa-miR-4749-3p
MIMAT0024597,0.526,0.21051,1.26285,-4.58,0.38093,MIMAT0024597,hsa-miR-6124
MIMAT0027681,0.526,0.21053,1.2628,-4.58,0.33821,MIMAT0027681,hsa-miR-6890-3p
MIMAT0027450,0.526,0.21101,1.26144,-4.58,0.33278,MIMAT0027450,hsa-miR-6775-5p
MIMAT0018105,0.526,0.21168,1.25959,-4.58,0.29762,MIMAT0018105,hsa-miR-3679-3p
MIMAT0027544,0.526,0.2118,1.25925,-4.58,0.32592,MIMAT0027544,hsa-miR-6822-5p
MIMAT0005929,0.526,0.21202,1.25863,-4.58,0.35884,MIMAT0005929,hsa-miR-1275
MIMAT0030411,0.526,0.21293,1.25611,-4.58,0.35696,MIMAT0030411,hsa-miR-7843-5p
MIMAT0027623,0.526,0.21347,1.25461,-4.59,0.29534,MIMAT0027623,hsa-miR-6861-5p
MIMAT0019213,0.526,0.21493,1.25059,-4.59,0.36068,MIMAT0019213,hsa-miR-3162-3p
MIMAT0019855,0.526,0.21503,1.2503,-4.59,0.45698,MIMAT0019855,hsa-miR-4732-5p
MIMAT0003312,0.526,0.21529,1.2496,-4.59,0.35142,MIMAT0003312,hsa-miR-642a-5p
MIMAT0027366,0.526,0.21575,1.24833,-4.59,0.37233,MIMAT0027366,hsa-miR-6732-3p
MIMAT0011163,0.526,0.2182,1.24162,-4.6,0.33129,MIMAT0011163,hsa-miR-548q
MIMAT0027507,0.526,0.21862,1.24049,-4.6,0.36591,MIMAT0027507,hsa-miR-6803-3p
MIMAT0015080,0.526,0.21918,1.23897,-4.6,0.28654,MIMAT0015080,hsa-miR-3196
MIMAT0027358,0.526,0.21919,1.23892,-4.6,0.37337,MIMAT0027358,hsa-miR-6728-3p
MIMAT0019854,0.526,0.21965,1.23767,-4.6,0.31691,MIMAT0019854,hsa-miR-4731-3p
MIMAT0027514,0.526,0.22038,1.2357,-4.6,0.35928,MIMAT0027514,hsa-miR-6807-5p
MIMAT0027493,0.526,0.22069,1.23485,-4.6,0.30027,MIMAT0027493,hsa-miR-6796-3p
MIMAT0003880,0.526,0.22081,1.23455,-4.6,0.36057,MIMAT0003880,hsa-miR-671-5p
MIMAT0004482,0.526,0.22084,1.23447,-4.6,0.36004,MIMAT0004482,hsa-let-7b-3p
MIMAT0027661,0.526,0.22256,1.22984,-4.6,0.35372,MIMAT0027661,hsa-miR-6880-3p
MIMAT0009451,0.526,0.22422,1.22537,-4.61,0.37072,MIMAT0009451,hsa-miR-1976
MIMAT0019826,0.526,0.2246,1.22437,-4.61,0.32214,MIMAT0019826,hsa-miR-4716-5p
MIMAT0027433,0.526,0.22592,1.22086,-4.61,0.29923,MIMAT0027433,hsa-miR-6766-3p
MIMAT0018985,0.526,0.22625,1.21998,-4.61,0.3125,MIMAT0018985,hsa-miR-3135b
MIMAT0019740,0.526,0.22642,1.21953,-4.61,0.2653,MIMAT0019740,hsa-miR-4665-3p
MIMAT0016852,0.526,0.22642,1.21952,-4.61,0.31095,MIMAT0016852,hsa-miR-4298
MIMAT0027399,0.526,0.22644,1.21947,-4.61,0.36194,MIMAT0027399,hsa-miR-6749-3p
MIMAT0027655,0.526,0.22833,1.21449,-4.62,0.34857,MIMAT0027655,hsa-miR-6877-3p
MIMAT0027372,0.526,0.2285,1.21403,-4.62,0.39888,MIMAT0027372,hsa-miR-6735-3p
MIMAT0022709,0.526,0.22927,1.21201,-4.62,0.3235,MIMAT0022709,hsa-miR-652-5p
MIMAT0015036,0.526,0.23058,1.20858,-4.62,0.33093,MIMAT0015036,hsa-miR-3162-5p
MIMAT0003239,0.526,0.23104,1.20736,-4.62,0.3701,MIMAT0003239,hsa-miR-574-3p
MIMAT0027470,0.526,0.23187,1.20521,-4.62,0.25208,MIMAT0027470,hsa-miR-6785-5p
MIMAT0019018,0.526,0.23237,1.20391,-4.62,0.42332,MIMAT0019018,hsa-miR-4484
MIMAT0004808,0.526,0.23433,1.19882,-4.63,0.28503,MIMAT0004808,hsa-miR-625-3p
MIMAT0025848,0.526,0.23437,1.19871,-4.63,0.35571,MIMAT0025848,hsa-miR-6511b-3p
MIMAT0018958,0.526,0.23457,1.19819,-4.63,0.34163,MIMAT0018958,hsa-miR-4440
MIMAT0019774,0.526,0.23651,1.19319,-4.63,0.32539,MIMAT0019774,hsa-miR-4687-5p
MIMAT0018200,0.526,0.23653,1.19314,-4.63,0.32538,MIMAT0018200,hsa-miR-3925-5p
MIMAT0027526,0.526,0.23666,1.19281,-4.63,0.3023,MIMAT0027526,hsa-miR-6813-5p
MIMAT0027409,0.526,0.23721,1.19139,-4.63,0.33957,MIMAT0027409,hsa-miR-6754-3p
MIMAT0027485,0.526,0.23748,1.1907,-4.63,0.33583,MIMAT0027485,hsa-miR-6792-3p
MIMAT0013802,0.526,0.2378,1.18989,-4.63,0.29333,MIMAT0013802,hsa-miR-2861
MIMAT0016909,0.526,0.23902,1.18677,-4.64,0.37096,MIMAT0016909,hsa-miR-4279
MIMAT0011161,0.526,0.24063,1.18269,-4.64,0.30838,MIMAT0011161,hsa-miR-2116-3p
MIMAT0018002,0.526,0.24065,1.18262,-4.64,0.27834,MIMAT0018002,hsa-miR-3621
MIMAT0005865,0.526,0.24156,1.18033,-4.64,0.36899,MIMAT0005865,hsa-miR-1202
MIMAT0019792,0.526,0.24189,1.1795,-4.64,0.30896,MIMAT0019792,hsa-miR-4697-3p
MIMAT0019923,0.526,0.24246,1.17805,-4.64,0.34772,MIMAT0019923,hsa-miR-4769-3p
MIMAT0022491,0.526,0.24311,1.17641,-4.64,0.31768,MIMAT0022491,hsa-miR-5698
MIMAT0007888,0.526,0.24334,1.17584,-4.64,0.29485,MIMAT0007888,hsa-miR-1913
MIMAT0005592,0.526,0.24344,1.17558,-4.64,0.32618,MIMAT0005592,hsa-miR-1237-3p
MIMAT0027405,0.526,0.24462,1.17262,-4.65,0.31565,MIMAT0027405,hsa-miR-6752-3p
MIMAT0022948,0.526,0.24522,1.17111,-4.65,0.31512,MIMAT0022948,hsa-miR-1292-3p
MIMAT0020956,0.526,0.24532,1.17084,-4.65,0.30171,MIMAT0020956,hsa-miR-4433-5p
MIMAT0019904,0.526,0.24615,1.16878,-4.65,0.33686,MIMAT0019904,hsa-miR-4758-3p
MIMAT0019216,0.526,0.2462,1.16866,-4.65,0.3167,MIMAT0019216,hsa-miR-3187-5p
MIMAT0002173,0.526,0.24662,1.16761,-4.65,0.38262,MIMAT0002173,hsa-miR-483-3p
MIMAT0027088,0.526,0.24799,1.16421,-4.65,0.32369,MIMAT0027088,hsa-miR-5189-3p
MIMAT0005584,0.526,0.24811,1.16391,-4.65,0.34864,MIMAT0005584,hsa-miR-1229-3p
MIMAT0019850,0.526,0.25107,1.15659,-4.66,0.33443,MIMAT0019850,hsa-miR-4728-3p
MIMAT0005901,0.526,0.25224,1.15372,-4.66,0.27923,MIMAT0005901,hsa-miR-1249
MIMAT0004595,0.526,0.25313,1.15153,-4.66,0.27724,MIMAT0004595,hsa-miR-135a-3p
MIMAT0028116,0.526,0.25346,1.15073,-4.66,0.3188,MIMAT0028116,hsa-miR-7109-3p
MIMAT0027539,0.526,0.2536,1.15037,-4.66,0.32244,MIMAT0027539,hsa-miR-6819-3p
MIMAT0027026,0.526,0.25401,1.14939,-4.66,0.32719,MIMAT0027026,hsa-miR-3151-3p
MIMAT0027421,0.526,0.25406,1.14926,-4.66,0.33207,MIMAT0027421,hsa-miR-6760-3p
MIMAT0027452,0.526,0.25524,1.14637,-4.66,0.34552,MIMAT0027452,hsa-miR-6776-5p
MIMAT0022726,0.526,0.25667,1.14291,-4.67,0.33228,MIMAT0022726,hsa-miR-1306-5p
MIMAT0018099,0.526,0.25709,1.14189,-4.67,0.28421,MIMAT0018099,hsa-miR-3675-3p
MIMAT0027651,0.526,0.25758,1.14071,-4.67,0.32017,MIMAT0027651,hsa-miR-6875-3p
MIMAT0027396,0.526,0.25795,1.13981,-4.67,0.31151,MIMAT0027396,hsa-miR-6748-5p
MIMAT0027685,0.526,0.25949,1.1361,-4.67,0.32992,MIMAT0027685,hsa-miR-6892-3p
MIMAT0007892,0.526,0.25955,1.13596,-4.67,0.29061,MIMAT0007892,hsa-miR-1915-3p
MIMAT0028126,0.526,0.2602,1.1344,-4.67,0.32254,MIMAT0028126,hsa-miR-7114-3p
MIMAT0007884,0.526,0.26022,1.13434,-4.67,0.33846,MIMAT0007884,hsa-miR-1910-5p
MIMAT0027455,0.526,0.26034,1.13406,-4.67,0.3013,MIMAT0027455,hsa-miR-6777-3p
MIMAT0027413,0.526,0.26077,1.13302,-4.67,0.34095,MIMAT0027413,hsa-miR-6756-3p
MIMAT0027603,0.526,0.26094,1.13262,-4.67,0.29908,MIMAT0027603,hsa-miR-6851-3p
MIMAT0005866,0.526,0.26387,1.12563,-4.68,0.27288,MIMAT0005866,hsa-miR-1203
MIMAT0027419,0.526,0.2644,1.12437,-4.68,0.32359,MIMAT0027419,hsa-miR-6759-3p
MIMAT0027364,0.526,0.26479,1.12344,-4.68,0.32406,MIMAT0027364,hsa-miR-6731-3p
MIMAT0027669,0.526,0.26528,1.12227,-4.68,0.34729,MIMAT0027669,hsa-miR-6884-3p
MIMAT0019209,0.526,0.26697,1.1183,-4.68,0.32678,MIMAT0019209,hsa-miR-3156-3p
MIMAT0016906,0.526,0.26872,1.11416,-4.69,0.29386,MIMAT0016906,hsa-miR-4274
MIMAT0023711,0.526,0.26914,1.1132,-4.69,0.30704,MIMAT0023711,hsa-miR-6086
MIMAT0000227,0.526,0.26916,1.11315,-4.69,0.31636,MIMAT0000227,hsa-miR-197-3p
MIMAT0016873,0.526,0.26916,1.11314,-4.69,0.29749,MIMAT0016873,hsa-miR-4322
MIMAT0019836,0.526,0.26926,1.1129,-4.69,0.2609,MIMAT0019836,hsa-miR-4722-5p
MIMAT0027602,0.526,0.26932,1.11278,-4.69,0.30631,MIMAT0027602,hsa-miR-6851-5p
MIMAT0019772,0.526,0.26974,1.11178,-4.69,0.31475,MIMAT0019772,hsa-miR-4685-3p
MIMAT0019789,0.526,0.2709,1.10907,-4.69,0.329,MIMAT0019789,hsa-miR-4695-3p
MIMAT0019899,0.526,0.2724,1.10558,-4.69,0.3051,MIMAT0019899,hsa-miR-4756-5p
MIMAT0027384,0.526,0.27267,1.10496,-4.69,0.33141,MIMAT0027384,hsa-miR-6741-3p
MIMAT0019022,0.526,0.27337,1.10333,-4.69,0.25298,MIMAT0019022,hsa-miR-4488
MIMAT0018993,0.526,0.27385,1.10223,-4.69,0.25725,MIMAT0018993,hsa-miR-4466
MIMAT0030019,0.526,0.27463,1.10041,-4.69,0.23866,MIMAT0030019,hsa-miR-7704
MIMAT0019006,0.526,0.27498,1.09962,-4.7,0.30067,MIMAT0019006,hsa-miR-4478
MIMAT0023252,0.526,0.27562,1.09813,-4.7,0.2398,MIMAT0023252,hsa-miR-5787
MIMAT0028110,0.526,0.27656,1.09596,-4.7,0.29893,MIMAT0028110,hsa-miR-7106-3p
MIMAT0018352,0.526,0.27728,1.09432,-4.7,0.28675,MIMAT0018352,hsa-miR-3937
MIMAT0022947,0.526,0.2786,1.09127,-4.7,0.28911,MIMAT0022947,hsa-miR-1238-5p
MIMAT0027573,0.526,0.27861,1.09125,-4.7,0.30874,MIMAT0027573,hsa-miR-6780b-3p
MIMAT0019027,0.526,0.27885,1.09072,-4.7,0.23757,MIMAT0019027,hsa-miR-4492
MIMAT0019820,0.526,0.27922,1.08986,-4.7,0.30708,MIMAT0019820,hsa-miR-4713-5p
MIMAT0019956,0.526,0.27987,1.08838,-4.7,0.23119,MIMAT0019956,hsa-miR-4787-5p
MIMAT0027679,0.526,0.28019,1.08765,-4.7,0.30036,MIMAT0027679,hsa-miR-6889-3p
MIMAT0027641,0.526,0.28081,1.08623,-4.7,0.33814,MIMAT0027641,hsa-miR-6870-3p
MIMAT0027640,0.526,0.28159,1.08447,-4.71,0.31728,MIMAT0027640,hsa-miR-6870-5p
MIMAT0028211,0.526,0.28206,1.08341,-4.71,0.32077,MIMAT0028211,hsa-miR-7150
MIMAT0019777,0.526,0.28294,1.0814,-4.71,0.25585,MIMAT0019777,hsa-miR-4688
MIMAT0027459,0.526,0.28484,1.07711,-4.71,0.32408,MIMAT0027459,hsa-miR-6779-3p
MIMAT0027503,0.526,0.28512,1.07648,-4.71,0.31981,MIMAT0027503,hsa-miR-6801-3p
MIMAT0027547,0.526,0.2858,1.07496,-4.71,0.34104,MIMAT0027547,hsa-miR-6823-3p
MIMAT0027397,0.526,0.28592,1.07468,-4.71,0.32702,MIMAT0027397,hsa-miR-6748-3p
MIMAT0019868,0.526,0.28804,1.06993,-4.71,0.26814,MIMAT0019868,hsa-miR-4739
MIMAT0027521,0.526,0.28872,1.06842,-4.72,0.29381,MIMAT0027521,hsa-miR-6810-3p
MIMAT0005582,0.526,0.29244,1.06014,-4.72,0.27573,MIMAT0005582,hsa-miR-1228-5p
MIMAT0015041,0.526,0.29272,1.05954,-4.72,0.32694,MIMAT0015041,hsa-miR-1260b
MIMAT0019878,0.526,0.29384,1.05705,-4.72,0.22759,MIMAT0019878,hsa-miR-4745-5p
MIMAT0019912,0.526,0.29528,1.05387,-4.72,0.32393,MIMAT0019912,hsa-miR-4763-5p
MIMAT0027392,0.526,0.29756,1.04888,-4.73,0.2622,MIMAT0027392,hsa-miR-6746-5p
MIMAT0027442,0.526,0.29758,1.04884,-4.73,0.2483,MIMAT0027442,hsa-miR-6771-5p
MIMAT0019715,0.526,0.29781,1.04835,-4.73,0.24707,MIMAT0019715,hsa-miR-4651
MIMAT0027624,0.526,0.29802,1.04788,-4.73,0.31989,MIMAT0027624,hsa-miR-6861-3p
MIMAT0027675,0.526,0.29861,1.04659,-4.73,0.30645,MIMAT0027675,hsa-miR-6887-3p
MIMAT0015069,0.526,0.29868,1.04645,-4.73,0.2783,MIMAT0015069,hsa-miR-3187-3p
MIMAT0030979,0.526,0.29909,1.04554,-4.73,0.25667,MIMAT0030979,hsa-miR-8052
MIMAT0004609,0.526,0.29945,1.04476,-4.73,0.27632,MIMAT0004609,hsa-miR-149-3p
MIMAT0027549,0.526,0.30025,1.04303,-4.73,0.29523,MIMAT0027549,hsa-miR-6824-3p
MIMAT0027555,0.526,0.30071,1.04201,-4.73,0.29415,MIMAT0027555,hsa-miR-6827-3p
MIMAT0027562,0.526,0.30087,1.04167,-4.73,0.33866,MIMAT0027562,hsa-miR-6831-5p
MIMAT0027412,0.526,0.30209,1.03903,-4.73,0.26796,MIMAT0027412,hsa-miR-6756-5p
MIMAT0027495,0.526,0.30213,1.03894,-4.73,0.29477,MIMAT0027495,hsa-miR-6797-3p
MIMAT0027465,0.526,0.30238,1.0384,-4.73,0.29867,MIMAT0027465,hsa-miR-6782-3p
MIMAT0005591,0.526,0.30343,1.03613,-4.74,0.34608,MIMAT0005591,hsa-miR-1236-3p
MIMAT0003304,0.526,0.30363,1.03571,-4.74,0.28498,MIMAT0003304,hsa-miR-634
MIMAT0015058,0.526,0.30386,1.03521,-4.74,0.24807,MIMAT0015058,hsa-miR-3180-3p
MIMAT0017992,0.526,0.30405,1.03479,-4.74,0.25366,MIMAT0017992,hsa-miR-3614-5p
MIMAT0019903,0.526,0.30413,1.03461,-4.74,0.24369,MIMAT0019903,hsa-miR-4758-5p
MIMAT0027619,0.526,0.30538,1.03194,-4.74,0.25488,MIMAT0027619,hsa-miR-6859-3p
MIMAT0004947,0.526,0.30596,1.03069,-4.74,0.3198,MIMAT0004947,hsa-miR-885-5p
MIMAT0027363,0.527,0.30727,1.02789,-4.74,0.30317,MIMAT0027363,hsa-miR-6731-5p
MIMAT0019710,0.527,0.30901,1.02417,-4.74,0.33843,MIMAT0019710,hsa-miR-4648
MIMAT0027593,0.527,0.31008,1.02189,-4.74,0.29601,MIMAT0027593,hsa-miR-6846-3p
MIMAT0027395,0.527,0.31058,1.02082,-4.75,0.27706,MIMAT0027395,hsa-miR-6747-3p
MIMAT0027635,0.527,0.31079,1.02037,-4.75,0.28707,MIMAT0027635,hsa-miR-6867-3p
MIMAT0002824,0.527,0.31197,1.01788,-4.75,0.26595,MIMAT0002824,hsa-miR-498
MIMAT0027469,0.527,0.31274,1.01624,-4.75,0.27138,MIMAT0027469,hsa-miR-6784-3p
MIMAT0027475,0.533,0.31772,1.00577,-4.75,0.30512,MIMAT0027475,hsa-miR-6787-3p
MIMAT0028118,0.533,0.31778,1.00566,-4.75,0.2948,MIMAT0028118,hsa-miR-7110-3p
MIMAT0003237,0.534,0.31988,1.00126,-4.76,0.25586,MIMAT0003237,hsa-miR-572
MIMAT0027567,0.534,0.32064,0.99968,-4.76,0.30584,MIMAT0027567,hsa-miR-6833-3p
MIMAT0018178,0.534,0.32066,0.99963,-4.76,0.25114,MIMAT0018178,hsa-miR-3180
MIMAT0028115,0.536,0.3228,0.9952,-4.76,0.28244,MIMAT0028115,hsa-miR-7109-5p
MIMAT0015049,0.536,0.32432,0.99207,-4.76,0.24032,MIMAT0015049,hsa-miR-1193
MIMAT0027432,0.536,0.32455,0.9916,-4.76,0.26619,MIMAT0027432,hsa-miR-6766-5p
MIMAT0019867,0.537,0.32794,0.98461,-4.77,0.26754,MIMAT0019867,hsa-miR-4738-3p
MIMAT0025844,0.537,0.32819,0.9841,-4.77,0.27939,MIMAT0025844,hsa-miR-6716-5p
MIMAT0016881,0.537,0.3292,0.98204,-4.77,0.27173,MIMAT0016881,hsa-miR-4260
MIMAT0030413,0.537,0.32959,0.98125,-4.77,0.24234,MIMAT0030413,hsa-miR-4433b-5p
MIMAT0025479,0.537,0.33022,0.97996,-4.77,0.30751,MIMAT0025479,hsa-miR-6511a-3p
MIMAT0016921,0.537,0.33063,0.97913,-4.77,0.32181,MIMAT0016921,hsa-miR-4290
MIMAT0027509,0.538,0.33321,0.97387,-4.77,0.27276,MIMAT0027509,hsa-miR-6804-3p
MIMAT0006790,0.538,0.33336,0.97357,-4.77,0.31254,MIMAT0006790,hsa-miR-675-3p
MIMAT0027558,0.538,0.33343,0.97343,-4.77,0.2616,MIMAT0027558,hsa-miR-6829-5p
MIMAT0027027,0.538,0.33449,0.97128,-4.78,0.30791,MIMAT0027027,hsa-miR-3192-3p
MIMAT0019947,0.539,0.33665,0.96692,-4.78,0.24079,MIMAT0019947,hsa-miR-4783-3p
MIMAT0027615,0.539,0.33678,0.96667,-4.78,0.27293,MIMAT0027615,hsa-miR-6857-3p
MIMAT0027553,0.539,0.33855,0.96311,-4.78,0.27462,MIMAT0027553,hsa-miR-6826-3p
MIMAT0016916,0.539,0.34048,0.95924,-4.78,0.28373,MIMAT0016916,hsa-miR-4286
MIMAT0019045,0.539,0.34059,0.95904,-4.78,0.21595,MIMAT0019045,hsa-miR-4508
MIMAT0021043,0.539,0.3419,0.95641,-4.78,0.2667,MIMAT0021043,hsa-miR-5010-5p
MIMAT0019229,0.539,0.34377,0.95269,-4.79,0.23992,MIMAT0019229,hsa-miR-3940-5p
MIMAT0004780,0.539,0.3455,0.94927,-4.79,0.28662,MIMAT0004780,hsa-miR-532-3p
MIMAT0019815,0.539,0.34595,0.94838,-4.79,0.28677,MIMAT0019815,hsa-miR-4710
MIMAT0023712,0.539,0.34692,0.94646,-4.79,0.23533,MIMAT0023712,hsa-miR-6087
MIMAT0005911,0.539,0.34713,0.94603,-4.79,0.26859,MIMAT0005911,hsa-miR-1260a
MIMAT0019708,0.539,0.34775,0.94481,-4.79,0.29745,MIMAT0019708,hsa-miR-4646-3p
MIMAT0027453,0.539,0.34855,0.94325,-4.79,0.27063,MIMAT0027453,hsa-miR-6776-3p
MIMAT0018987,0.539,0.34998,0.94044,-4.79,0.23363,MIMAT0018987,hsa-miR-4463
MIMAT0027406,0.539,0.35006,0.94028,-4.79,0.22462,MIMAT0027406,hsa-miR-6753-5p
MIMAT0018003,0.539,0.35025,0.93991,-4.79,0.30758,MIMAT0018003,hsa-miR-3622a-5p
MIMAT0019837,0.539,0.35086,0.93871,-4.79,0.29658,MIMAT0019837,hsa-miR-4722-3p
MIMAT0027438,0.539,0.35179,0.93689,-4.8,0.24219,MIMAT0027438,hsa-miR-6769a-5p
MIMAT0015052,0.539,0.35205,0.93637,-4.8,0.27233,MIMAT0015052,hsa-miR-3175
MIMAT0005827,0.539,0.35212,0.93623,-4.8,0.26458,MIMAT0005827,hsa-miR-1182
MIMAT0027471,0.543,0.35561,0.92944,-4.8,0.2451,MIMAT0027471,hsa-miR-6785-3p
MIMAT0005951,0.543,0.35705,0.92664,-4.8,0.25412,MIMAT0005951,hsa-miR-1307-3p
MIMAT0019849,0.543,0.35767,0.92544,-4.8,0.24484,MIMAT0019849,hsa-miR-4728-5p
MIMAT0007349,0.543,0.36194,0.9172,-4.81,0.2539,MIMAT0007349,hsa-miR-1471
MIMAT0022946,0.543,0.36224,0.91664,-4.81,0.21347,MIMAT0022946,hsa-miR-1237-5p
MIMAT0022942,0.543,0.36355,0.91412,-4.81,0.25177,MIMAT0022942,hsa-miR-1229-5p
MIMAT0027667,0.543,0.36367,0.91389,-4.81,0.28964,MIMAT0027667,hsa-miR-6883-3p
MIMAT0009203,0.543,0.36415,0.91297,-4.81,0.2653,MIMAT0009203,hsa-miR-449b-3p
MIMAT0016900,0.543,0.36431,0.91267,-4.81,0.23006,MIMAT0016900,hsa-miR-4270
MIMAT0003308,0.543,0.3646,0.91211,-4.81,0.21363,MIMAT0003308,hsa-miR-638
MIMAT0019737,0.543,0.36463,0.91206,-4.81,0.23262,MIMAT0019737,hsa-miR-4664-5p
MIMAT0018949,0.545,0.36639,0.90869,-4.81,0.26494,MIMAT0018949,hsa-miR-4433-3p
MIMAT0019808,0.545,0.36735,0.90686,-4.81,0.22841,MIMAT0019808,hsa-miR-4707-3p
MIMAT0018944,0.547,0.36932,-0.90312,-4.81,-0.24643,MIMAT0018944,hsa-miR-4429
MIMAT0027477,0.547,0.37038,0.90112,-4.82,0.26916,MIMAT0027477,hsa-miR-6788-3p
MIMAT0027688,0.547,0.37126,0.89944,-4.82,0.25428,MIMAT0027688,hsa-miR-6894-5p
MIMAT0027671,0.548,0.37296,0.89624,-4.82,0.25472,MIMAT0027671,hsa-miR-6885-3p
MIMAT0027444,0.548,0.37402,0.89424,-4.82,0.26174,MIMAT0027444,hsa-miR-6772-5p
MIMAT0027473,0.548,0.3754,0.89164,-4.82,0.23436,MIMAT0027473,hsa-miR-6786-3p
MIMAT0026477,0.548,0.37564,0.89119,-4.82,0.23617,MIMAT0026477,hsa-miR-128-1-5p
MIMAT0018929,0.55,0.37821,0.8864,-4.82,0.24803,MIMAT0018929,hsa-miR-4417
MIMAT0027541,0.55,0.37888,0.88513,-4.82,0.24446,MIMAT0027541,hsa-miR-6820-3p
MIMAT0019844,0.551,0.38018,0.88272,-4.83,0.26118,MIMAT0019844,hsa-miR-4725-3p
MIMAT0027511,0.551,0.38122,0.88078,-4.83,0.18451,MIMAT0027511,hsa-miR-6805-3p
MIMAT0027575,0.552,0.38239,0.87861,-4.83,0.16379,MIMAT0027575,hsa-miR-6836-3p
MIMAT0027505,0.552,0.38387,0.87586,-4.83,0.24969,MIMAT0027505,hsa-miR-6802-3p
MIMAT0015064,0.552,0.38474,0.87426,-4.83,0.27087,MIMAT0015064,hsa-miR-3184-5p
MIMAT0023714,0.552,0.38511,0.87357,-4.83,0.18447,MIMAT0023714,hsa-miR-6089
MIMAT0000722,0.554,0.38769,0.86881,-4.83,0.2128,MIMAT0000722,hsa-miR-370-3p
MIMAT0031178,0.555,0.38907,0.86628,-4.83,0.24746,MIMAT0031178,hsa-miR-7975
MIMAT0027600,0.555,0.39085,0.86301,-4.84,0.1926,MIMAT0027600,hsa-miR-6850-5p
MIMAT0027654,0.555,0.39096,0.86281,-4.84,0.22785,MIMAT0027654,hsa-miR-6877-5p
MIMAT0028114,0.555,0.3923,0.86037,-4.84,0.23014,MIMAT0028114,hsa-miR-7108-3p
MIMAT0018999,0.555,0.39255,0.8599,-4.84,0.23535,MIMAT0018999,hsa-miR-4472
MIMAT0019871,0.556,0.39503,0.85539,-4.84,0.22421,MIMAT0019871,hsa-miR-4741
MIMAT0031012,0.556,0.3951,0.85526,-4.84,0.2606,MIMAT0031012,hsa-miR-8085
MIMAT0000773,0.558,0.39718,0.85147,-4.84,0.25733,MIMAT0000773,hsa-miR-346
MIMAT0019743,0.558,0.39915,0.84792,-4.84,0.24266,MIMAT0019743,hsa-miR-4667-5p
MIMAT0027532,0.558,0.39918,0.84787,-4.84,0.1972,MIMAT0027532,hsa-miR-6816-5p
MIMAT0019032,0.56,0.40183,0.84309,-4.85,0.20255,MIMAT0019032,hsa-miR-4497
MIMAT0019064,0.56,0.40243,0.84201,-4.85,0.22114,MIMAT0019064,hsa-miR-4525
MIMAT0014996,0.56,0.40328,0.84048,-4.85,0.22914,MIMAT0014996,hsa-miR-3131
MIMAT0028119,0.561,0.4049,0.83757,-4.85,0.23666,MIMAT0028119,hsa-miR-7111-5p
MIMAT0019885,0.562,0.40792,0.83217,-4.85,0.21563,MIMAT0019885,hsa-miR-4749-5p
MIMAT0015019,0.562,0.40794,0.83214,-4.85,0.23672,MIMAT0015019,hsa-miR-3147
MIMAT0016878,0.562,0.41064,0.82734,-4.85,0.20921,MIMAT0016878,hsa-miR-4257
MIMAT0003282,0.562,0.41079,0.82708,-4.85,0.16377,MIMAT0003282,hsa-miR-614
MIMAT0027457,0.562,0.41113,0.82648,-4.85,0.23098,MIMAT0027457,hsa-miR-6778-3p
MIMAT0027401,0.562,0.41179,0.82529,-4.86,0.26248,MIMAT0027401,hsa-miR-6750-3p
MIMAT0004496,0.562,0.41185,0.82518,-4.86,0.20626,MIMAT0004496,hsa-miR-23a-5p
MIMAT0009199,0.564,0.41447,0.82055,-4.86,0.22839,MIMAT0009199,hsa-miR-365a-5p
MIMAT0027458,0.565,0.41565,0.81847,-4.86,0.22181,MIMAT0027458,hsa-miR-6779-5p
MIMAT0025856,0.573,0.42284,0.80586,-4.86,0.20177,MIMAT0025856,hsa-miR-6724-5p
MIMAT0019913,0.575,0.42559,0.80107,-4.87,0.20303,MIMAT0019913,hsa-miR-4763-3p
MIMAT0027530,0.575,0.42733,0.79806,-4.87,0.19776,MIMAT0027530,hsa-miR-6815-5p
MIMAT0026486,0.575,0.42749,0.79777,-4.87,0.21104,MIMAT0026486,hsa-miR-328-5p
MIMAT0022732,0.575,0.42784,0.79716,-4.87,0.23907,MIMAT0022732,hsa-miR-3191-5p
MIMAT0004508,0.577,0.43025,0.793,-4.87,0.23008,MIMAT0004508,hsa-miR-92a-2-5p
MIMAT0019838,0.586,0.4379,0.77986,-4.88,0.24067,MIMAT0019838,hsa-miR-4723-5p
MIMAT0004610,0.597,0.44703,0.76436,-4.88,0.22575,MIMAT0004610,hsa-miR-150-3p
MIMAT0022736,0.597,0.44832,0.76218,-4.89,0.22589,MIMAT0022736,hsa-miR-642b-5p
MIMAT0027538,0.598,0.44976,0.75974,-4.89,0.20206,MIMAT0027538,hsa-miR-6819-5p
MIMAT0027374,0.6,0.45236,0.75538,-4.89,0.23731,MIMAT0027374,hsa-miR-6736-3p
MIMAT0022941,0.601,0.4541,0.75246,-4.89,0.18833,MIMAT0022941,hsa-miR-1227-5p
MIMAT0019798,0.603,0.45669,0.74814,-4.89,0.2009,MIMAT0019798,hsa-miR-4701-5p
MIMAT0027592,0.608,0.46292,0.73779,-4.9,0.21455,MIMAT0027592,hsa-miR-6846-5p
MIMAT0027382,0.608,0.46309,0.7375,-4.9,0.22521,MIMAT0027382,hsa-miR-6740-3p
MIMAT0023700,0.608,0.46312,0.73746,-4.9,0.18876,MIMAT0023700,hsa-miR-6075
MIMAT0005572,0.609,0.46611,0.73252,-4.9,0.21316,MIMAT0005572,hsa-miR-1225-5p
MIMAT0030414,0.609,0.46684,0.73131,-4.9,0.20964,MIMAT0030414,hsa-miR-4433b-3p
MIMAT0027650,0.609,0.4678,0.72973,-4.9,0.19013,MIMAT0027650,hsa-miR-6875-5p
MIMAT0027430,0.609,0.46796,0.72948,-4.9,0.16735,MIMAT0027430,hsa-miR-6765-5p
MIMAT0019859,0.612,0.47123,0.7241,-4.9,0.15927,MIMAT0019859,hsa-miR-4734
MIMAT0027383,0.616,0.4752,0.71761,-4.91,0.1829,MIMAT0027383,hsa-miR-6741-5p
MIMAT0029782,0.618,0.47807,0.71294,-4.91,0.27884,MIMAT0029782,hsa-miR-7641
MIMAT0019721,0.618,0.47892,0.71156,-4.91,0.1794,MIMAT0019721,hsa-miR-4655-5p
MIMAT0027464,0.618,0.47919,0.71111,-4.91,0.22542,MIMAT0027464,hsa-miR-6782-5p
MIMAT0019082,0.618,0.48102,0.70815,-4.91,0.18998,MIMAT0019082,hsa-miR-4539
MIMAT0007881,0.618,0.48227,0.70613,-4.91,0.18296,MIMAT0007881,hsa-miR-1908-5p
MIMAT0027431,0.618,0.4826,0.7056,-4.91,0.15914,MIMAT0027431,hsa-miR-6765-3p
MIMAT0027616,0.618,0.48327,0.70451,-4.91,0.16991,MIMAT0027616,hsa-miR-6858-5p
MIMAT0027448,0.621,0.48711,0.69833,-4.91,0.17269,MIMAT0027448,hsa-miR-6774-5p
MIMAT0005586,0.623,0.48959,0.69434,-4.92,0.17571,MIMAT0005586,hsa-miR-1231
MIMAT0027038,0.623,0.4903,0.69319,-4.92,0.20353,MIMAT0027038,hsa-miR-1343-5p
MIMAT0016882,0.623,0.49101,0.69206,-4.92,0.23102,MIMAT0016882,hsa-miR-4253
MIMAT0004552,0.626,0.49497,0.68573,-4.92,0.21508,MIMAT0004552,hsa-miR-139-3p
MIMAT0027375,0.628,0.4971,0.68234,-4.92,0.17679,MIMAT0027375,hsa-miR-6737-5p
MIMAT0027516,0.628,0.49794,0.681,-4.92,0.17884,MIMAT0027516,hsa-miR-6808-5p
MIMAT0019779,0.632,0.50381,0.67171,-4.93,0.1708,MIMAT0019779,hsa-miR-4690-5p
MIMAT0005573,0.632,0.50444,0.67072,-4.93,0.15684,MIMAT0005573,hsa-miR-1225-3p
MIMAT0001339,0.632,0.50539,0.66921,-4.93,0.16054,MIMAT0001339,hsa-miR-422a
MIMAT0030996,0.632,0.50566,0.66879,-4.93,0.15895,MIMAT0030996,hsa-miR-8069
MIMAT0027480,0.632,0.50634,0.66772,-4.93,0.15916,MIMAT0027480,hsa-miR-6790-5p
MIMAT0027684,0.633,0.50783,0.66538,-4.93,0.16532,MIMAT0027684,hsa-miR-6892-5p
MIMAT0019797,0.635,0.51091,0.66053,-4.93,0.18113,MIMAT0019797,hsa-miR-4700-3p
MIMAT0019870,0.637,0.51427,0.65528,-4.93,0.20784,MIMAT0019870,hsa-miR-4740-3p
MIMAT0023116,0.637,0.51439,0.65509,-4.93,0.17565,MIMAT0023116,hsa-miR-5739
MIMAT0025852,0.637,0.51516,0.65389,-4.93,0.18301,MIMAT0025852,hsa-miR-6721-5p
MIMAT0022717,0.637,0.51609,0.65244,-4.93,0.19503,MIMAT0022717,hsa-miR-873-3p
MIMAT0027622,0.645,0.5238,0.64046,-4.94,0.17641,MIMAT0027622,hsa-miR-6860
MIMAT0027506,0.646,0.52674,0.63592,-4.94,0.16297,MIMAT0027506,hsa-miR-6803-5p
MIMAT0027586,0.646,0.52715,0.63529,-4.94,0.16601,MIMAT0027586,hsa-miR-6842-5p
MIMAT0005905,0.646,0.52909,0.63231,-4.94,0.15054,MIMAT0005905,hsa-miR-1254
MIMAT0027418,0.646,0.52912,0.63225,-4.94,0.18644,MIMAT0027418,hsa-miR-6759-5p
MIMAT0019043,0.65,0.53331,0.62583,-4.94,0.19106,MIMAT0019043,hsa-miR-2392
MIMAT0015010,0.65,0.53483,0.62349,-4.94,0.17115,MIMAT0015010,hsa-miR-3141
MIMAT0027488,0.65,0.53488,0.62341,-4.94,0.16759,MIMAT0027488,hsa-miR-6794-5p
MIMAT0027359,0.657,0.54229,0.61211,-4.95,0.14407,MIMAT0027359,hsa-miR-6729-5p
MIMAT0027542,0.662,0.54732,0.60449,-4.95,0.16343,MIMAT0027542,hsa-miR-6821-5p
MIMAT0023710,0.664,0.54994,0.60053,-4.95,0.15586,MIMAT0023710,hsa-miR-6085
MIMAT0021080,0.666,0.55348,0.5952,-4.95,0.16318,MIMAT0021080,hsa-miR-5088-5p
MIMAT0028121,0.666,0.55367,0.59492,-4.95,0.15049,MIMAT0028121,hsa-miR-7112-5p
MIMAT0023715,0.675,0.56262,0.58151,-4.96,0.12776,MIMAT0023715,hsa-miR-6090
MIMAT0024782,0.68,0.56781,0.57379,-4.96,0.16841,MIMAT0024782,hsa-miR-6165
MIMAT0004983,0.68,0.56904,0.57196,-4.96,0.12983,MIMAT0004983,hsa-miR-940
MIMAT0027468,0.68,0.56962,0.5711,-4.96,0.13735,MIMAT0027468,hsa-miR-6784-5p
MIMAT0027596,0.68,0.57087,0.56924,-4.96,0.15601,MIMAT0027596,hsa-miR-6848-5p
MIMAT0027678,0.682,0.5734,0.5655,-4.97,0.1496,MIMAT0027678,hsa-miR-6889-5p
MIMAT0019077,0.683,0.57515,0.56292,-4.97,0.17938,MIMAT0019077,hsa-miR-1587
MIMAT0027462,0.684,0.57717,0.55993,-4.97,0.1323,MIMAT0027462,hsa-miR-6781-5p
MIMAT0019033,0.685,0.57933,0.55675,-4.97,0.1641,MIMAT0019033,hsa-miR-4498
MIMAT0027404,0.685,0.58014,0.55557,-4.97,0.13671,MIMAT0027404,hsa-miR-6752-5p
MIMAT0019835,0.685,0.58127,0.55391,-4.97,0.15679,MIMAT0019835,hsa-miR-4721
MIMAT0019044,0.688,0.58522,0.54812,-4.97,0.16012,MIMAT0019044,hsa-miR-4507
MIMAT0018072,0.688,0.5861,0.54682,-4.97,0.15193,MIMAT0018072,hsa-miR-3652
MIMAT0004794,0.691,0.59112,0.53951,-4.97,0.12836,MIMAT0004794,hsa-miR-551b-5p
MIMAT0027472,0.691,0.59162,0.53878,-4.97,0.12145,MIMAT0027472,hsa-miR-6786-5p
MIMAT0022260,0.691,0.59292,0.53689,-4.98,0.15282,MIMAT0022260,hsa-miR-5572
MIMAT0018076,0.691,0.59358,0.53592,-4.98,0.12491,MIMAT0018076,hsa-miR-3656
MIMAT0027474,0.698,0.60001,0.52659,-4.98,0.13994,MIMAT0027474,hsa-miR-6787-5p
MIMAT0019979,0.699,0.60272,0.52268,-4.98,0.14858,MIMAT0019979,hsa-miR-4800-3p
MIMAT0027500,0.701,0.60539,0.51883,-4.98,0.13255,MIMAT0027500,hsa-miR-6800-5p
MIMAT0027540,0.707,0.61127,0.51037,-4.98,0.14057,MIMAT0027540,hsa-miR-6820-5p
MIMAT0018986,0.707,0.61259,0.50848,-4.98,0.13855,MIMAT0018986,hsa-miR-4462
MIMAT0018951,0.707,0.61332,0.50744,-4.98,0.19485,MIMAT0018951,hsa-miR-4435
MIMAT0019695,0.712,0.61972,0.49829,-4.99,0.17754,MIMAT0019695,hsa-miR-4638-5p
MIMAT0019887,0.712,0.6202,0.49761,-4.99,0.12947,MIMAT0019887,hsa-miR-4750-5p
MIMAT0027484,0.712,0.62144,0.49584,-4.99,0.12419,MIMAT0027484,hsa-miR-6792-5p
MIMAT0025854,0.713,0.62425,0.49184,-4.99,0.13129,MIMAT0025854,hsa-miR-6722-3p
MIMAT0024615,0.713,0.62605,0.48929,-4.99,0.18934,MIMAT0024615,hsa-miR-6131
MIMAT0028117,0.713,0.62846,0.48587,-4.99,0.14341,MIMAT0028117,hsa-miR-7110-5p
MIMAT0018931,0.713,0.62969,0.48412,-4.99,0.1465,MIMAT0018931,hsa-miR-4419a
MIMAT0022967,0.713,0.62973,0.48407,-4.99,0.12913,MIMAT0022967,hsa-miR-3620-5p
MIMAT0005922,0.713,0.63123,0.48194,-4.99,0.13079,MIMAT0005922,hsa-miR-1268a
MIMAT0021021,0.713,0.63128,0.48188,-4.99,0.13115,MIMAT0021021,hsa-miR-5001-5p
MIMAT0027548,0.713,0.63155,0.48149,-4.99,0.1304,MIMAT0027548,hsa-miR-6824-5p
MIMAT0019699,0.714,0.63344,0.47882,-4.99,0.13058,MIMAT0019699,hsa-miR-4640-5p
MIMAT0027660,0.714,0.63458,0.47721,-4.99,0.13792,MIMAT0027660,hsa-miR-6880-5p
MIMAT0031016,0.716,0.63734,0.47333,-4.99,0.13878,MIMAT0031016,hsa-miR-8089
MIMAT0019874,0.717,0.63929,0.47059,-5,0.14373,MIMAT0019874,hsa-miR-4743-5p
MIMAT0004945,0.718,0.64159,-0.46734,-5,-0.11927,MIMAT0004945,hsa-miR-744-5p
MIMAT0004589,0.718,0.64247,0.46612,-5,0.13499,MIMAT0004589,hsa-miR-30b-3p
MIMAT0015070,0.747,0.67007,0.42771,-5.01,0.11781,MIMAT0015070,hsa-miR-3188
MIMAT0004970,0.752,0.67519,0.42067,-5.01,0.1241,MIMAT0004970,hsa-miR-920
MIMAT0019015,0.757,0.68098,0.41271,-5.01,0.14529,MIMAT0019015,hsa-miR-4481
MIMAT0025478,0.762,0.68688,-0.40464,-5.01,-0.10661,MIMAT0025478,hsa-miR-6511a-5p
MIMAT0027550,0.765,0.69144,0.39842,-5.01,0.11023,MIMAT0027550,hsa-miR-6825-5p
MIMAT0016889,0.765,0.69183,0.39789,-5.01,0.09927,MIMAT0016889,hsa-miR-4327
MIMAT0024616,0.765,0.69324,-0.39597,-5.02,-0.10095,MIMAT0024616,hsa-miR-6132
MIMAT0018945,0.766,0.6952,0.39331,-5.02,0.10668,MIMAT0018945,hsa-miR-4430
MIMAT0027498,0.769,0.69999,0.3868,-5.02,0.11274,MIMAT0027498,hsa-miR-6799-5p
MIMAT0023701,0.769,0.70079,0.38571,-5.02,0.10743,MIMAT0023701,hsa-miR-6076
MIMAT0019021,0.769,0.70133,0.38498,-5.02,0.10388,MIMAT0019021,hsa-miR-4487
MIMAT0019964,0.771,0.70516,0.37979,-5.02,0.11359,MIMAT0019964,hsa-miR-4792
MIMAT0019003,0.774,0.70894,0.37468,-5.02,0.12922,MIMAT0019003,hsa-miR-4476
MIMAT0015028,0.777,0.713,0.3692,-5.02,0.10263,MIMAT0015028,hsa-miR-3154
MIMAT0018981,0.778,0.71484,0.36673,-5.02,0.09689,MIMAT0018981,hsa-miR-4459
MIMAT0028113,0.781,0.71881,0.36139,-5.02,0.08885,MIMAT0028113,hsa-miR-7108-5p
MIMAT0016849,0.784,0.72316,0.35555,-5.02,0.09886,MIMAT0016849,hsa-miR-4294
MIMAT0018994,0.785,0.72487,-0.35326,-5.03,-0.10286,MIMAT0018994,hsa-miR-4467
MIMAT0027686,0.798,0.73809,-0.33561,-5.03,-0.10142,MIMAT0027686,hsa-miR-6893-5p
MIMAT0005871,0.802,0.74371,0.32814,-5.03,0.101,MIMAT0005871,hsa-miR-1207-5p
MIMAT0004982,0.809,0.75092,0.31859,-5.03,0.09286,MIMAT0004982,hsa-miR-939-5p
MIMAT0030986,0.815,0.75756,0.30981,-5.03,0.06641,MIMAT0030986,hsa-miR-8059
MIMAT0019739,0.82,0.76878,0.29503,-5.04,0.07601,MIMAT0019739,hsa-miR-4665-5p
MIMAT0028125,0.82,0.76962,0.29393,-5.04,0.08279,MIMAT0028125,hsa-miR-7114-5p
MIMAT0004679,0.82,0.77017,0.2932,-5.04,0.05583,MIMAT0004679,hsa-miR-296-3p
MIMAT0018925,0.82,0.77048,0.29279,-5.04,0.07686,MIMAT0018925,hsa-miR-1268b
MIMAT0031180,0.82,0.77132,0.29169,-5.04,0.08325,MIMAT0031180,hsa-miR-7977
MIMAT0027658,0.82,0.77266,-0.28993,-5.04,-0.08537,MIMAT0027658,hsa-miR-6879-5p
MIMAT0019069,0.82,0.77266,0.28993,-5.04,0.09103,MIMAT0019069,hsa-miR-4530
MIMAT0027614,0.82,0.77277,0.28978,-5.04,0.08866,MIMAT0027614,hsa-miR-6857-5p
MIMAT0018961,0.82,0.77698,0.28426,-5.04,0.09933,MIMAT0018961,hsa-miR-4443
MIMAT0025846,0.82,0.77704,0.28419,-5.04,0.0751,MIMAT0025846,hsa-miR-6717-5p
MIMAT0019881,0.82,0.77733,0.28381,-5.04,0.07701,MIMAT0019881,hsa-miR-4746-3p
MIMAT0019337,0.82,0.77815,0.28274,-5.04,0.04598,MIMAT0019337,hsa-miR-3960
MIMAT0024598,0.828,0.78681,0.27141,-5.04,0.06534,MIMAT0024598,hsa-miR-6125
MIMAT0022693,0.828,0.79216,0.26444,-5.04,0.0808,MIMAT0022693,hsa-miR-204-3p
MIMAT0024610,0.828,0.79283,0.26357,-5.04,0.07864,MIMAT0024610,hsa-miR-6127
MIMAT0019788,0.828,0.79345,0.26276,-5.04,0.07643,MIMAT0019788,hsa-miR-4695-5p
MIMAT0022691,0.828,0.79345,0.26275,-5.04,0.07699,MIMAT0022691,hsa-miR-197-5p
MIMAT0030420,0.828,0.79424,0.26173,-5.04,0.07509,MIMAT0030420,hsa-miR-7845-5p
MIMAT0024599,0.831,0.79829,0.25647,-5.04,0.07239,MIMAT0024599,hsa-miR-6126
MIMAT0018971,0.841,0.80868,0.24298,-5.05,0.10107,MIMAT0018971,hsa-miR-4450
MIMAT0027454,0.842,0.81174,0.23902,-5.05,0.06902,MIMAT0027454,hsa-miR-6777-5p
MIMAT0004748,0.842,0.8128,0.23764,-5.05,0.07186,MIMAT0004748,hsa-miR-423-5p
MIMAT0025486,0.842,0.81422,-0.2358,-5.05,-0.06417,MIMAT0025486,hsa-miR-6515-5p
MIMAT0027482,0.852,0.825,0.22189,-5.05,0.05976,MIMAT0027482,hsa-miR-6791-5p
MIMAT0030999,0.856,0.83054,0.21475,-5.05,0.04867,MIMAT0030999,hsa-miR-8072
MIMAT0027496,0.858,0.83409,0.21018,-5.05,0.05552,MIMAT0027496,hsa-miR-6798-5p
MIMAT0016858,0.858,0.83475,0.20933,-5.05,0.05974,MIMAT0016858,hsa-miR-4306
MIMAT0004951,0.862,0.83973,0.20294,-5.05,0.05708,MIMAT0004951,hsa-miR-887-3p
MIMAT0015065,0.874,0.85315,0.18574,-5.05,0.05642,MIMAT0015065,hsa-miR-3185
MIMAT0022721,0.886,0.86617,0.1691,-5.05,0.04057,MIMAT0022721,hsa-miR-1247-3p
MIMAT0019020,0.887,0.86833,0.16635,-5.06,0.04888,MIMAT0019020,hsa-miR-4486
MIMAT0018104,0.892,0.87494,0.15792,-5.06,0.04833,MIMAT0018104,hsa-miR-3679-5p
MIMAT0027426,0.897,0.8815,-0.14957,-5.06,-0.04472,MIMAT0027426,hsa-miR-6763-5p
MIMAT0012734,0.912,0.8982,-0.12836,-5.06,-0.03313,MIMAT0012734,hsa-miR-711
MIMAT0030998,0.912,0.89934,-0.12692,-5.06,-0.03931,MIMAT0030998,hsa-miR-8071
MIMAT0018205,0.932,0.92089,0.09964,-5.06,0.02339,MIMAT0018205,hsa-miR-3928-3p
MIMAT0030421,0.932,0.92169,0.09863,-5.06,0.02553,MIMAT0030421,hsa-miR-7846-3p
MIMAT0027365,0.934,0.92554,0.09377,-5.06,0.02396,MIMAT0027365,hsa-miR-6732-5p
MIMAT0027572,0.943,0.93516,-0.08163,-5.06,-0.02373,MIMAT0027572,hsa-miR-6780b-5p
MIMAT0019041,0.979,0.97274,0.03429,-5.06,0.00853,MIMAT0019041,hsa-miR-4505
MIMAT0004948,0.984,0.9794,0.0259,-5.06,0.00668,MIMAT0004948,hsa-miR-885-3p
MIMAT0022977,0.985,0.98216,0.02243,-5.06,0.00594,MIMAT0022977,hsa-miR-4632-5p
MIMAT0003240,0.993,0.99167,0.01047,-5.06,0.00364,MIMAT0003240,hsa-miR-575
MIMAT0022259,0.993,0.99262,-0.00929,-5.06,-0.00288,MIMAT0022259,hsa-miR-5100